family,size,params_billions,axis,lora_rank,data_fraction,mean_nll
Llama-Centaur,1B,1.0,baseline,16,1.0,0.536534
Llama-Centaur,1B,1.0,datasize,16,0.0625,0.654151
Llama-Centaur,1B,1.0,datasize,16,0.125,0.609416
Llama-Centaur,1B,1.0,datasize,16,0.25,0.574401
Llama-Centaur,1B,1.0,datasize,16,0.5,0.552936
Llama-Centaur,1B,1.0,rank_sweep,4,1.0,0.558230
Llama-Centaur,1B,1.0,rank_sweep,8,1.0,0.547259
Llama-Centaur,1B,1.0,rank_sweep,32,1.0,0.526994
Llama-Centaur,1B,1.0,rank_sweep,64,1.0,0.520316
Llama-Centaur,3B,3.0,baseline,16,1.0,0.523224
Llama-Centaur,3B,3.0,datasize,16,0.0625,0.602534
Llama-Centaur,3B,3.0,datasize,16,0.125,0.572503
Llama-Centaur,3B,3.0,datasize,16,0.25,0.549134
Llama-Centaur,3B,3.0,datasize,16,0.5,0.533345
Llama-Centaur,3B,3.0,rank_sweep,4,1.0,0.535406
Llama-Centaur,3B,3.0,rank_sweep,8,1.0,0.528911
Llama-Centaur,3B,3.0,rank_sweep,32,1.0,0.517303
Llama-Centaur,3B,3.0,rank_sweep,64,1.0,0.511789
Llama-Centaur,8B,8.0,baseline,16,1.0,0.512847
Llama-Centaur,8B,8.0,datasize,16,0.0625,0.566180
Llama-Centaur,8B,8.0,datasize,16,0.125,0.542665
Llama-Centaur,8B,8.0,datasize,16,0.25,0.530411
Llama-Centaur,8B,8.0,datasize,16,0.5,0.521838
Llama-Centaur,8B,8.0,rank_sweep,4,1.0,0.520955
Llama-Centaur,8B,8.0,rank_sweep,8,1.0,0.516861
Llama-Centaur,8B,8.0,rank_sweep,32,1.0,0.508175
Llama-Centaur,8B,8.0,rank_sweep,64,1.0,0.505038
Qwentaur,0.6B,0.6,baseline,16,1.0,0.527863
Qwentaur,0.6B,0.6,datasize,16,0.0625,0.612256
Qwentaur,0.6B,0.6,datasize,16,0.125,0.584245
Qwentaur,0.6B,0.6,datasize,16,0.25,0.558599
Qwentaur,0.6B,0.6,datasize,16,0.5,0.542855
Qwentaur,0.6B,0.6,rank_sweep,4,1.0,0.546230
Qwentaur,0.6B,0.6,rank_sweep,8,1.0,0.536487
Qwentaur,0.6B,0.6,rank_sweep,32,1.0,0.520222
Qwentaur,0.6B,0.6,rank_sweep,64,1.0,0.513163
Qwentaur,1.7B,1.7,baseline,16,1.0,0.523761
Qwentaur,1.7B,1.7,rank_sweep,8,1.0,0.528305
Qwentaur,4B,4.0,datasize,16,0.5,0.525180
Qwentaur,4B,4.0,datasize,16,0.125,0.549489
Qwentaur,4B,4.0,datasize,16,0.25,0.534365
Qwentaur,4B,4.0,baseline,16,1.0,0.516179
Qwentaur,4B,4.0,datasize,16,0.0625,0.567010
Qwentaur,4B,4.0,rank_sweep,64,1.0,0.505637
Qwentaur,4B,4.0,rank_sweep,4,1.0,0.525598
Qwentaur,4B,4.0,rank_sweep,32,1.0,0.510730
Qwentaur,4B,4.0,rank_sweep,8,1.0,0.519997
Qwentaur,8B,8.0,datasize,16,0.25,0.529947
Qwentaur,8B,8.0,datasize,16,0.125,0.544992
Qwentaur,8B,8.0,datasize,16,0.0625,0.561575
Qwentaur,8B,8.0,baseline,16,1.0,0.512661
Qwentaur,8B,8.0,datasize,16,0.5,0.521406
Qwentaur,8B,8.0,rank_sweep,32,1.0,0.509449
Qwentaur,8B,8.0,rank_sweep,8,1.0,0.516759
Qwentaur,8B,8.0,rank_sweep,4,1.0,0.520722
Qwentaur,8B,8.0,rank_sweep,64,1.0,0.503898
Qwentaur,14B,14.0,datasize,16,0.5,0.516393
Qwentaur,14B,14.0,datasize,16,0.125,0.537872
Qwentaur,14B,14.0,datasize,16,0.0625,0.553937
Qwentaur,14B,14.0,rank_sweep,4,1.0,0.516253
Qwentaur,14B,14.0,rank_sweep,64,1.0,0.501507
Qwentaur,14B,14.0,datasize,16,0.25,0.524860
Qwentaur,14B,14.0,baseline,16,1.0,0.508829
Smoltaur,0.1B,0.1,baseline,16,1.0,0.635085
Smoltaur,0.1B,0.1,datasize,16,0.0625,0.788503
Smoltaur,0.1B,0.1,datasize,16,0.125,0.758858
Smoltaur,0.1B,0.1,datasize,16,0.25,0.730279
Smoltaur,0.1B,0.1,datasize,16,0.5,0.691416
Smoltaur,0.1B,0.1,rank_sweep,4,1.0,0.714202
Smoltaur,0.1B,0.1,rank_sweep,8,1.0,0.674914
Smoltaur,0.1B,0.1,rank_sweep,32,1.0,0.606538
Smoltaur,0.1B,0.1,rank_sweep,64,1.0,0.587434
Smoltaur,0.4B,0.4,baseline,16,1.0,0.590997
Smoltaur,0.4B,0.4,datasize,16,0.0625,0.740766
Smoltaur,0.4B,0.4,datasize,16,0.125,0.712986
Smoltaur,0.4B,0.4,datasize,16,0.25,0.674005
Smoltaur,0.4B,0.4,datasize,16,0.5,0.627326
Smoltaur,0.4B,0.4,rank_sweep,4,1.0,0.645715
Smoltaur,0.4B,0.4,rank_sweep,8,1.0,0.610988
Smoltaur,0.4B,0.4,rank_sweep,32,1.0,0.575300
Smoltaur,0.4B,0.4,rank_sweep,64,1.0,0.562559
Smoltaur,1.7B,1.7,baseline,16,1.0,0.560732
Smoltaur,1.7B,1.7,datasize,16,0.0625,0.690042
Smoltaur,1.7B,1.7,datasize,16,0.125,0.652534
Smoltaur,1.7B,1.7,datasize,16,0.25,0.611867
Smoltaur,1.7B,1.7,datasize,16,0.5,0.585652
Smoltaur,1.7B,1.7,rank_sweep,4,1.0,0.596009
Smoltaur,1.7B,1.7,rank_sweep,8,1.0,0.573133
Smoltaur,1.7B,1.7,rank_sweep,32,1.0,0.550196
Smoltaur,1.7B,1.7,rank_sweep,64,1.0,0.542027
Smoltaur,3B,3.0,baseline,16,1.0,0.518572
Smoltaur,3B,3.0,datasize,16,0.0625,0.582523
Smoltaur,3B,3.0,datasize,16,0.125,0.555775
Smoltaur,3B,3.0,datasize,16,0.25,0.540707
Smoltaur,3B,3.0,datasize,16,0.5,0.529188
Smoltaur,3B,3.0,rank_sweep,4,1.0,0.529400
Smoltaur,3B,3.0,rank_sweep,8,1.0,0.523168
Smoltaur,3B,3.0,rank_sweep,32,1.0,0.513726
Smoltaur,3B,3.0,rank_sweep,64,1.0,0.509576
Olmotaur,1B,1.0,baseline,16,1.0,0.586555
Olmotaur,1B,1.0,datasize,16,0.0625,0.719637
Olmotaur,1B,1.0,datasize,16,0.125,0.680728
Olmotaur,1B,1.0,datasize,16,0.25,0.637678
Olmotaur,1B,1.0,datasize,16,0.5,0.610044
Olmotaur,1B,1.0,rank_sweep,4,1.0,0.612288
Olmotaur,1B,1.0,rank_sweep,8,1.0,0.597645
Olmotaur,1B,1.0,rank_sweep,32,1.0,0.575702
Olmotaur,1B,1.0,rank_sweep,64,1.0,0.565859
Olmotaur,7B,7.0,baseline,16,1.0,0.523394
Olmotaur,7B,7.0,datasize,16,0.0625,0.624479
Olmotaur,7B,7.0,datasize,16,0.125,0.580130
Olmotaur,7B,7.0,datasize,16,0.25,0.552316
Olmotaur,7B,7.0,datasize,16,0.5,0.535679
Olmotaur,7B,7.0,rank_sweep,4,1.0,0.535384
Olmotaur,7B,7.0,rank_sweep,8,1.0,0.529403
Olmotaur,7B,7.0,rank_sweep,32,1.0,0.518301
Olmotaur,7B,7.0,rank_sweep,64,1.0,0.513198
Centaur-70B (reproduced),70B,70,reference,8,1.0,0.523605
Centaur-70B (reported),70B,70,reference,8,1.0,0.510039
Cognitive baseline,,,reference,,,0.6851
