Experiment,Task Name,Task Type,Qwen3-0.6B (base-bf16),Qwen3-0.6B (base-4bit),Qwentaur-0.6B (bf16),Qwentaur-0.6B (4bit),Llama-3.2-1B (base-bf16),Llama-3.2-1B (base-4bit),Centaur-1B (bf16),Centaur-1B (4bit),Qwen3-1.7B (base-bf16),Qwen3-1.7B (base-4bit),Qwentaur-1.7B (bf16),Qwentaur-1.7B (4bit),Llama-3.2-3B (base-bf16),Llama-3.2-3B (base-4bit),Centaur-3B (bf16),Centaur-3B (4bit),Qwen3-4B (base-bf16),Qwen3-4B (base-4bit),Qwentaur-4B (bf16),Qwentaur-4B (4bit),Qwen3-8B (base-bf16),Qwen3-8B (base-4bit),Qwentaur-8B (bf16),Qwentaur-8B (4bit),Llama-3.1-8B (base-bf16),Llama-3.1-8B (base-4bit),Centaur-8B (bf16),Centaur-8B (4bit),Qwen3-14B (base-bf16),Qwen3-14B (base-4bit),Qwentaur-14B (bf16),Qwentaur-14B (4bit),Llama-70B (4bit-reported),Centaur-70B (4bit-reproduced),Centaur-70B (4bit-reported),Cognitive model (reported)
frey2017risk,Balloon analog risk task,Decision-making,0.0915,0.0955,0.0675,0.0708,0.0950,0.0985,0.0690,0.0729,0.0877,0.0898,0.0691,0.0718,0.0826,0.0839,0.0664,0.0677,0.0815,0.0822,0.0654,0.0669,0.0831,0.0875,0.0649,0.06802785396575928,0.0820,0.0826,0.0646,0.0657,0.0812,0.0841,0.0647,0.0670,0.0753,0.0665,0.0593,0.0922
plonsky2018when,CPC18,Decision-making,0.4083,0.4218,0.3489,0.3600,0.4255,0.4362,0.3554,0.3641,0.4006,0.4185,0.3447,0.3586,0.4139,0.4236,0.3467,0.3524,0.3996,0.3985,0.3378,0.3443,0.3953,0.3885,0.3374,0.3501071035861969,0.3892,0.3890,0.3355,0.3412,0.4030,0.4135,0.3324,0.3442,0.4118,0.3527,0.3390,0.6607
frey2017cct,Columbia card task,Decision-making,0.2739,0.2925,0.2044,0.2131,0.3005,0.3083,0.2063,0.2127,0.2636,0.2694,0.2037,0.2149,0.2728,0.2752,0.2045,0.2090,0.2574,0.2608,0.2020,0.2066,0.2524,0.2625,0.2020,0.2128417193889618,0.2507,0.2572,0.2010,0.2034,0.2504,0.2516,0.2016,0.2113,0.2261,0.2088,0.1867,0.2629
wulff2018description,Decisions from description,Decision-making,1.0829,1.3077,0.6157,0.6359,1.5468,1.3422,0.6225,0.6567,1.0465,1.1740,0.6331,0.6405,1.2037,1.2481,0.6283,0.6347,1.0122,1.0332,0.6201,0.6344,0.9909,0.9893,0.6142,0.6321883797645569,0.9598,0.9547,0.5999,0.6139,1.0098,1.0108,0.6000,0.6322,0.7569,0.5898,0.5336,0.6120
garcia2023experiential,Experiential-symbolic task,Decision-making,0.7618,0.8623,0.4784,0.4989,0.7835,0.8614,0.4732,0.4875,0.6794,0.6992,0.4738,0.4850,0.6913,0.7032,0.4700,0.4781,0.6674,0.6707,0.4630,0.4728,0.6403,0.6549,0.4640,0.4784272313117981,0.6447,0.6690,0.4596,0.4637,0.5697,0.5851,0.4593,0.4710,0.6983,0.4580,0.4536,
flesch2018comparing,Gardening task,Decision-making,0.5225,0.5431,0.3889,0.4085,0.8054,0.7980,0.3972,0.4216,0.5174,0.5114,0.3850,0.4001,0.6409,0.6568,0.3892,0.3966,0.4882,0.5085,0.3806,0.3874,0.4651,0.4899,0.3792,0.3929792642593384,0.4831,0.5135,0.3775,0.3831,0.4451,0.4400,0.3784,0.3873,0.5040,0.4949,0.3783,0.9105
enkavi2019gonogo,Go/no-go,Decision-making,0.0050,0.0046,0.0000,0.0000,0.0103,0.0093,0.0000,0.0001,0.0055,0.0061,0.0000,0.0001,0.0070,0.0065,0.0000,0.0000,0.0035,0.0030,0.0000,0.0000,0.0065,0.0069,0.0000,1.0901221685344353e-05,0.0034,0.0033,0.0000,0.0000,0.0044,0.0199,0.0000,0.0000,0.0062,0.0000,0.0000,0.0757
ruggeri2022globalizability,Intertemporal choice,Decision-making,0.7725,0.9417,0.4394,0.4743,0.8497,0.8295,0.4408,0.4647,0.7971,0.7922,0.4394,0.4653,0.7520,0.7481,0.4387,0.4508,0.7130,0.7818,0.4387,0.4509,0.6901,0.7448,0.4393,0.45779091119766235,0.7581,0.7586,0.4391,0.4425,0.7038,0.7250,0.4390,0.4528,0.7336,0.4382,0.4340,0.6591
hilbig2014generalized,Multi-attribute decision-making,Decision-making,0.4929,0.5200,0.0882,0.1211,0.6291,0.7091,0.0771,0.1100,0.3388,0.2922,0.0822,0.1017,0.4538,0.4385,0.0787,0.0841,0.2007,0.2071,0.0942,0.1032,0.1858,0.2069,0.0845,0.09015250205993652,0.2331,0.2537,0.0812,0.0873,0.1859,0.1965,0.0773,0.0849,0.1502,0.0645,0.0619,0.1922
krueger2022identifying,Risky choice,Decision-making,0.9164,0.9909,0.4769,0.5218,0.9906,1.0398,0.4916,0.5285,0.8296,0.8783,0.4663,0.5050,0.8523,0.8800,0.4558,0.4736,0.7946,0.8387,0.4396,0.4542,0.7369,0.7717,0.4347,0.4495484530925751,0.7595,0.7809,0.4298,0.4416,0.6747,0.6893,0.4240,0.4408,0.6475,0.4336,0.4281,
peterson2021using,choices13k,Decision-making,0.6181,0.6459,0.4414,0.4552,0.6712,0.6764,0.4404,0.4530,0.6010,0.6241,0.4389,0.4505,0.5945,0.6087,0.4368,0.4432,0.5859,0.6070,0.4345,0.4434,0.5938,0.5750,0.4342,0.4519417881965637,0.5485,0.5534,0.4328,0.4374,0.5478,0.5604,0.4316,0.4455,0.5342,0.4335,0.4274,0.6563
tomov2021multitask,Multi-task reinforcement learning,Markov decision processes,0.7000,0.7569,0.5964,0.6149,0.8006,0.8532,0.5969,0.6279,0.7178,0.7753,0.5894,0.6051,0.6962,0.7261,0.5890,0.5964,0.6767,0.7005,0.5767,0.5831,0.6996,0.7096,0.5759,0.5959798097610474,0.6598,0.6636,0.5728,0.5804,0.6765,0.6797,0.5682,0.5867,0.6604,0.5691,0.5672,1.0424
kumar2023disentangling,Tile-revealing task,Markov decision processes,2.9477,2.9856,0.0245,3.2029,4.8589,5.2924,0.0165,3.8249,2.8128,2.9882,0.0100,2.8721,3.9846,3.9816,0.0041,1.8366,2.6709,2.7899,0.0008,1.4326,2.7308,2.7981,0.0710,1.1490974426269531,2.9155,2.9424,0.0003,0.8852,2.5969,2.6190,0.0005,0.6533,2.7380,2.2871,1.8710,
kool2017cost,Two-step task,Markov decision processes,0.6740,0.6995,0.5449,0.5670,0.6688,0.6950,0.5495,0.5630,0.6361,0.6651,0.5346,0.5571,0.6220,0.6375,0.5316,0.5418,0.6447,0.6478,0.5268,0.5381,0.6474,0.6611,0.5269,0.5408276915550232,0.6150,0.6144,0.5268,0.5331,0.6329,0.6405,0.5268,0.5422,0.6075,0.5288,0.4998,0.6043
kool2016when,Two-step task,Markov decision processes,0.6947,0.7142,0.5135,0.5312,0.6743,0.7080,0.5158,0.5299,0.6350,0.6555,0.5044,0.5207,0.6250,0.6425,0.4960,0.5056,0.6378,0.6470,0.4904,0.4995,0.6484,0.6575,0.4901,0.5075975060462952,0.6132,0.6110,0.4896,0.4984,0.6348,0.6381,0.4809,0.4991,0.6075,0.4778,0.4998,0.6043
zorowitz2023data,Two-step task,Markov decision processes,0.6222,0.6525,0.5169,0.5324,0.6354,0.6605,0.5214,0.5312,0.5887,0.6110,0.5120,0.5281,0.6003,0.6264,0.5089,0.5225,0.6006,0.6073,0.5104,0.5157,0.6110,0.6092,0.5075,0.5219704508781433,0.5795,0.5783,0.5106,0.5139,0.5892,0.5919,0.5102,0.5293,0.6075,0.5114,0.4998,0.6043
tomov2020discovery,Virtual subway network,Markov decision processes,1.6835,1.8700,1.1615,1.2043,1.6819,1.7451,1.1875,1.2238,1.5499,1.5922,1.1529,1.1984,1.5965,1.5889,1.1603,1.1798,1.5672,1.5863,1.1384,1.1592,1.5528,1.5724,1.1320,1.1750301122665405,1.5313,1.5505,1.1321,1.1465,1.5732,1.6020,1.1183,1.1647,1.5347,1.1590,1.1270,
ludwig2023human,Zoopermarket,Markov decision processes,0.6087,0.6396,0.5377,0.5513,0.6411,0.7047,0.5381,0.5622,0.6062,0.6185,0.5190,0.5320,0.6151,0.6232,0.5244,0.5337,0.5984,0.6006,0.5093,0.5184,0.5980,0.6082,0.5041,0.5241516828536987,0.5963,0.6094,0.5002,0.5113,0.5883,0.5898,0.4849,0.5038,0.6026,0.4974,0.4850,0.6047
gershman2020reward,Conditional associative learning,Memory,0.7630,0.7734,0.5402,0.5588,0.8171,0.8578,0.5455,0.5612,0.7075,0.7333,0.5316,0.5501,0.7346,0.7603,0.5319,0.5365,0.7111,0.7428,0.5237,0.5343,0.6920,0.7051,0.5209,0.5373513698577881,0.7013,0.7196,0.5215,0.5286,0.6058,0.6067,0.5147,0.5301,0.6373,0.5165,0.5380,0.8575
enkavi2019digitspan,Digit span,Memory,0.9399,1.0693,0.5998,0.6428,1.0116,1.0218,0.5984,0.6207,0.8946,0.9187,0.5889,0.6075,0.8445,0.8787,0.5896,0.5985,0.7177,0.7282,0.5773,0.5887,0.7033,0.7150,0.5722,0.5809962153434753,0.7514,0.7614,0.5776,0.5864,0.6852,0.6996,0.5665,0.5751,0.6618,0.5692,0.5520,0.9359
popov2023intent,Episodic long-term memory,Memory,1.7196,1.7988,1.2676,1.3501,1.9732,2.0206,1.2768,1.3626,1.4504,1.4955,1.0550,1.1325,1.6520,1.6873,1.0152,1.0476,1.3255,1.3629,0.9640,1.0085,1.2976,1.3259,0.9433,0.9778344035148621,1.4294,1.4599,0.9201,0.9409,1.1833,1.2159,0.9028,0.9272,1.1344,0.8860,0.8684,
enkavi2019adaptivenback,N-back,Memory,0.5812,0.5986,0.4165,0.4432,0.5884,0.6031,0.4219,0.4369,0.5772,0.5993,0.4151,0.4378,0.5727,0.5748,0.4193,0.4284,0.5470,0.5636,0.4127,0.4190,0.5452,0.5468,0.4091,0.4317435026168823,0.5684,0.5737,0.4091,0.4153,0.5273,0.5321,0.4043,0.4295,0.5209,0.4002,0.3954,0.5787
cox2017information,Recall and recognition,Memory,1.7283,1.7837,1.2391,1.3288,1.8706,1.8820,1.2212,1.2771,1.5682,1.5932,1.1823,1.2386,1.5575,1.5899,1.1449,1.1666,1.4399,1.4327,1.1313,1.1633,1.4087,1.4430,1.1175,1.1456016302108765,1.3695,1.3903,1.1014,1.1164,1.3574,1.3846,1.0925,1.1280,1.3759,1.0707,1.0590,
enkavi2019recentprobes,Recent probes,Memory,0.6976,0.7332,0.2620,0.2772,0.7399,0.7866,0.2650,0.2885,0.6143,0.6384,0.2639,0.2782,0.5616,0.6126,0.2611,0.2630,0.3887,0.4020,0.2614,0.2656,0.4131,0.4064,0.2599,0.2724936008453369,0.3408,0.4035,0.2587,0.2621,0.3472,0.3473,0.2591,0.2703,0.3433,0.2601,0.2572,0.3868
jansen2021dunningkruger,Grammar judgement,Miscellaneous,2.1248,2.2798,1.4728,1.5383,2.3349,2.4321,1.4789,1.5322,2.0196,2.0385,1.4542,1.5028,2.1621,2.1664,1.4534,1.4734,1.9957,1.9645,1.4459,1.4740,1.8921,1.9893,1.4403,1.4792237281799316,2.1220,2.1231,1.4412,1.4572,1.9095,1.9296,1.4329,1.4679,1.9949,1.4391,1.4350,1.4127
zhu2020bayesian,Probabilistic reasoning,Miscellaneous,2.7525,2.8087,2.4467,2.5169,2.8932,2.9660,2.5552,2.6088,2.6857,2.7230,2.3970,2.4297,2.8017,2.8183,2.4736,2.4880,2.6061,2.6180,2.3584,2.3794,2.5726,2.6355,2.3464,2.399671792984009,2.7148,2.7414,2.4343,2.4522,2.5769,2.6567,2.3431,2.3540,2.6406,2.3969,2.3730,
wu2023chunking,Serial reaction time task,Miscellaneous,0.2122,0.2063,0.1694,0.1754,0.3128,0.3827,0.1718,0.1764,0.1930,0.1976,0.1693,0.1735,0.2326,0.2494,0.1717,0.1733,0.1888,0.1910,0.1672,0.1688,0.1920,0.1977,0.1665,0.17082706093788147,0.1975,0.1998,0.1671,0.1687,0.1900,0.1986,0.1662,0.1703,0.1900,0.1777,0.1718,0.1962
hebart2023things,THINGS odd-one-out,Miscellaneous,1.2106,1.2667,0.8213,0.8490,1.3147,1.3706,0.8243,0.8438,1.2118,1.2841,0.8126,0.8391,1.1833,1.2053,0.8175,0.8288,1.1666,1.1944,0.7994,0.8116,1.1500,1.1732,0.7947,0.8271438479423523,1.1565,1.1621,0.7912,0.8025,1.1311,1.1557,0.7875,0.8155,1.1386,0.8033,0.8068,0.8253
xiong2023neural,Changing bandit,Multi-armed bandits,0.4163,0.4019,0.3050,0.3124,1.3399,1.2611,0.3193,0.3274,0.3792,0.3785,0.2968,0.3086,0.9041,0.8631,0.3075,0.3143,0.3628,0.3626,0.2910,0.2943,0.3524,0.3736,0.2912,0.3047882914543152,0.3905,0.3903,0.2928,0.3012,0.3404,0.3531,0.2851,0.3017,0.3824,0.4541,0.3025,0.4378
wulff2018sampling,Decisions from experience,Multi-armed bandits,0.7389,0.7885,0.4928,0.5011,0.8061,0.8003,0.4991,0.5113,0.6585,0.6790,0.4870,0.4977,0.7110,0.7365,0.4874,0.5042,0.6894,0.7087,0.4864,0.4970,0.7760,0.7597,0.4855,0.4922039210796356,0.6520,0.6633,0.4801,0.4862,0.6088,0.6294,0.4802,0.4896,0.4339,0.4719,0.3686,0.5404
bahrami2020four,Drifting four-armed bandit,Multi-armed bandits,0.9778,0.9812,0.7321,0.7594,0.9528,0.9548,0.7338,0.7529,0.9469,0.9565,0.7233,0.7498,0.9400,0.9469,0.7151,0.7227,0.9161,0.9297,0.7109,0.7206,0.9137,0.9329,0.7112,0.733776330947876,0.8995,0.9087,0.7091,0.7191,0.9096,0.9219,0.7071,0.7357,0.8810,0.7089,0.7029,0.9043
feng2021dynamics,Horizon task,Multi-armed bandits,0.4672,0.4749,0.2276,0.2526,0.8057,0.8499,0.2591,0.2826,0.4319,0.4626,0.2251,0.2354,0.6699,0.6742,0.2447,0.2557,0.3919,0.4034,0.2210,0.2250,0.3582,0.3816,0.2211,0.2237369865179062,0.4388,0.4358,0.2181,0.2220,0.3449,0.3530,0.2192,0.2249,0.5237,0.3994,0.4032,0.3595
sadeghiyeh2020temporal,Horizon task,Multi-armed bandits,0.6683,0.7108,0.5856,0.5972,0.6725,0.6993,0.5932,0.6049,0.7172,0.7382,0.5836,0.5980,0.6813,0.6902,0.5825,0.5876,0.6630,0.6688,0.5809,0.5956,0.6453,0.6547,0.5798,0.6021968722343445,0.6574,0.6685,0.5804,0.5855,0.6521,0.6608,0.5761,0.5987,0.5237,0.5824,0.4032,0.3595
somerville2017charting,Horizon task,Multi-armed bandits,0.5394,0.5334,0.3424,0.3576,0.5868,0.6050,0.3508,0.3644,0.5470,0.5696,0.3437,0.3585,0.5747,0.5890,0.3444,0.3577,0.5267,0.5189,0.3398,0.3457,0.4650,0.4811,0.3367,0.34796127676963806,0.5062,0.5144,0.3368,0.3438,0.4929,0.5004,0.3349,0.3439,0.5237,0.3533,0.4032,0.3595
waltz2020differential,Horizon task,Multi-armed bandits,0.3311,0.3326,0.1539,0.1675,0.3673,0.3677,0.1592,0.1609,0.3300,0.3284,0.1540,0.1599,0.3703,0.3614,0.1558,0.1642,0.3120,0.3017,0.1550,0.1604,0.2682,0.2889,0.1508,0.15352776646614075,0.3005,0.3207,0.1445,0.1495,0.2410,0.2662,0.1497,0.1586,0.5237,0.1460,0.4032,0.3595
wilson2014humans,Horizon task,Multi-armed bandits,0.5743,0.5901,0.4591,0.4749,0.6426,0.6729,0.4709,0.4816,0.5824,0.6158,0.4584,0.4756,0.6197,0.6327,0.4642,0.4734,0.5636,0.5754,0.4521,0.4594,0.5304,0.5391,0.4533,0.46889346837997437,0.5549,0.5602,0.4515,0.4570,0.5369,0.5464,0.4468,0.4569,0.5237,0.4821,0.4032,0.3595
steingroever2015data,Iowa gambling task,Multi-armed bandits,1.0722,1.1078,0.9298,0.9582,1.0996,1.1157,0.9350,0.9528,1.0556,1.0795,0.9306,0.9471,1.0558,1.0599,0.9186,0.9281,1.0665,1.0773,0.9125,0.9232,1.0667,1.0806,0.9115,0.9454838037490845,1.0372,1.0361,0.9077,0.9174,1.0657,1.0669,0.9112,0.9430,0.9880,0.9054,0.8890,1.1555
lefebvre2017behavioural,Probabilistic instrumental learning,Multi-armed bandits,0.6152,0.6481,0.4978,0.5124,0.6180,0.6607,0.5084,0.5148,0.6045,0.6149,0.5022,0.5077,0.5820,0.5857,0.4969,0.4902,0.5742,0.5781,0.4878,0.4864,0.5852,0.5791,0.4888,0.5089718103408813,0.5641,0.5675,0.4913,0.5039,0.5557,0.5478,0.4931,0.5064,0.5382,0.4982,0.4937,0.5047
wu2018generalisation,Spatially correlated multi-armed bandit,Multi-armed bandits,2.6128,2.6030,2.0057,2.0794,2.7564,2.7759,2.1562,2.2029,2.5522,2.5403,1.9594,1.9884,2.6361,2.6346,1.9961,1.9805,2.5042,2.5063,1.9339,1.9709,2.4393,2.4831,1.8664,1.9061793088912964,2.5798,2.6079,1.9261,1.9384,2.4581,2.4861,1.8640,1.8680,2.4479,1.8195,1.8320,2.7635
schulz2020finding,Structured bandit,Multi-armed bandits,0.9156,0.9129,0.6687,0.6950,0.9413,0.9442,0.6691,0.6833,0.9197,0.8984,0.6641,0.6857,0.8912,0.8937,0.6574,0.6661,0.8766,0.8791,0.6527,0.6597,0.8710,0.8846,0.6507,0.6596015691757202,0.8483,0.8537,0.6463,0.6528,0.8319,0.8384,0.6417,0.6465,0.8114,0.6444,0.6410,1.0530
gershman2018deconstructing,Two-armed bandit,Multi-armed bandits,0.4261,0.4142,0.2982,0.3018,0.4294,0.4368,0.2953,0.3068,0.4145,0.4345,0.3033,0.3189,0.4345,0.4303,0.2934,0.2975,0.4032,0.4121,0.2932,0.3013,0.3937,0.4000,0.2923,0.30244025588035583,0.3973,0.3992,0.2935,0.2957,0.3928,0.3981,0.2916,0.2945,0.3829,0.2980,0.2963,0.4187
wise2019acomputational,Aversive learning,Supervised learning,5.1998,5.2870,4.7070,4.8466,5.6575,5.7187,4.5790,4.7305,5.0649,5.1317,4.5515,4.6127,5.5238,5.5541,4.7974,4.8617,4.9508,4.9694,4.2742,4.3569,4.8942,4.9495,4.2358,4.329038143157959,5.2535,5.3003,3.6626,3.7593,4.7453,4.7694,3.8106,3.8710,5.1066,4.1327,4.0730,
levering2020revisiting,Medin categorization,Supervised learning,0.6048,0.6344,0.5093,0.5301,0.7120,0.7450,0.5152,0.5284,0.6030,0.6079,0.5076,0.5233,0.6006,0.6062,0.5041,0.5098,0.6036,0.6100,0.5005,0.5054,0.5911,0.6397,0.4988,0.5277301073074341,0.5743,0.5802,0.4972,0.5030,0.5511,0.5524,0.4969,0.5067,0.5772,0.4993,0.4967,0.5313
collsiöö2023MCPL,Multiple-cue judgment,Supervised learning,1.4594,1.5723,1.1700,1.2247,1.6911,1.8321,1.1739,1.2298,1.3815,1.4464,1.1613,1.1896,1.4985,1.5342,1.1480,1.1692,1.2849,1.3535,1.1420,1.1665,1.3012,1.3189,1.1408,1.166472315788269,1.3160,1.3198,1.1249,1.1385,1.2621,1.2658,1.1311,1.1390,1.2818,1.1357,1.1240,1.9157
badham2017deficits,Shepard categorization,Supervised learning,0.6347,0.6565,0.5482,0.5647,0.6739,0.6927,0.5593,0.5743,0.6071,0.6213,0.5479,0.5642,0.6239,0.6420,0.5424,0.5535,0.5933,0.6149,0.5384,0.5472,0.5850,0.5957,0.5331,0.5486629605293274,0.5958,0.5999,0.5315,0.5395,0.5938,0.6116,0.5284,0.5428,0.5818,0.5397,0.5394,0.6108
speekenbrink2008learning,Weather prediction task,Supervised learning,0.6218,0.6159,0.5468,0.5443,0.6213,0.6611,0.5543,0.5536,0.5947,0.6303,0.5635,0.5718,0.5896,0.5917,0.5403,0.5343,0.6117,0.6372,0.5422,0.5511,0.5829,0.5910,0.5453,0.5467512011528015,0.5836,0.5798,0.5584,0.5511,0.5843,0.5982,0.5512,0.5443,0.5749,0.5592,0.5514,0.6267
Mean,,,0.9887,1.0332,0.6926,0.7897,1.1369,1.1714,0.6998,0.8067,0.9441,0.9699,0.6781,0.7606,1.0199,1.0319,0.6827,0.7322,0.9040,0.9191,0.6605,0.7041,0.8916,0.9101,0.6571,0.6998,0.9157,0.9267,0.6441,0.6727,0.8663,0.8789,0.6410,0.6708,0.8771,0.7113,0.6877,0.6851
